user_id,retweeted_user_id,user_verified,user_followers_count,favorite_count,user_favourites_count,user_friends_count,text,is_retweet,retweet_count,id_str
11392912,2911221,False,20458,1262,546,0,"b'RT @wilshipley: Every day during covid I buy a sandwich or a salad and pay $6-7 tip on each, to help my local shops. In the last six months\xe2\x80\xa6'",True,5,1340885540946673665
4849148157,18329263,False,4024,2893,20,0,b'RT @BloodDonorsIn: #Delhi\nNeed #Blood Type :  B-positive\nAt : Sir Gangaram hospital\nBlood Component : Need Plasma from B+ve #COVID19 recove\xe2\x80\xa6',True,52,1340885537587044355
42358442,128429068,False,71913,3501,4464,0,"b""RT @AlamoOnTheRise: We've now surpassed 18,267,500 confirmed #COVID19 cases in the United States.\n\nThe death toll climbs to 324,869.\n\n*234,\xe2\x80\xa6""",True,8,1340885516598702080
1319307451200581632,1249982359,False,20996,114,125,0,"b'RT @senatemajldr: BREAKING: As the American people continue battling the coronavirus this holiday season, they will not be on their own.\xe2\x80\xa6'",True,2450,1340885542272163840
132256921,-1,False,336007,478,446,0,b'Still nothing from US https://t.co/LJFxB3NHeO',False,1,1340885535007633410
1294920757437509632,1294920757437509632,False,33313,932,4988,0,"b'RT @Native_Embassy: WHY DO YOU FEEL THE NEED TO ASK SUCH QUESTIONS?\nIT SHOULD BE OBVIOUS: THEY ARE PERPETUAL LIARS, PREDATORY AND FEEL THAT\xe2\x80\xa6'",True,1,1340885520897994753
5385802,21059255,False,286703,5671,6230,0,b'RT @tedlieu: I\xe2\x80\x99ve been on House leadership and Dem caucus meetings today. You know what I never heard? What @realDonaldTrump wanted.\n\nTrump\xe2\x80\xa6',True,1367,1340885537280802816
246001930,38978018,False,45397,323,423,0,b'RT @Pearce4NM: These devastating figures should alarm everyone. We must reopen our state. https://t.co/KjmyOuE04T',True,27,1340885541324169216
24816708,247507520,False,156320,389,1894,0,"b""RT @lizziethat: This year I'm giving the gift of NOT GIVING ANYONE CORONAVIRUS by not going to the mall to look for gifts the WEEK BEFORE #\xe2\x80\xa6""",True,5,1340885529987080193
143679029,-1,False,7336,10930,8765,0,"b""@SF_emergency: 'New smart phone tools let you know when you\xe2\x80\x99ve been exposed to #COVID19 and how to isolate to prote\xe2\x80\xa6 https://t.co/eiwivWD5AG""",False,0,1340885539470405632
1942592300,1228754267835707399,False,233707,3174,3682,0,"b'RT @CTZebra: Barbara Langburt, 43yo RN &amp; paramedic, St. Petersburg, FL, died of #covid19 10/30. She enjoyed the simple pleasures of life li\xe2\x80\xa6'",True,255,1340885533803737090
3170232685,-1,True,151,20668,144,0,b'Saudi Arabia halts int\xe2\x80\x99l flights over fears of new Covid-19 strain \n\nhttps://t.co/uUys5pEwh1',False,0,1340885518200918016
1254911942776336384,-1,False,99589,132,1251,0,b'@platypusrex256 @ParrotCaique @marydv805 @clarkchristinaf @jeremyfaust @USCongress What they\xe2\x80\x99re saying is worse. https://t.co/Mp1G3ltXVn',False,0,1340885525033447425
81644444,817976607398731776,False,53752,3246,17,0,"b'RT @ani_digital: Centre preparing with states for past four months for Covid-19 vaccination, says Harsh Vardhan\n\nRead @ANI Story | https://\xe2\x80\xa6'",True,18,1340885523217334273
1238835715875557379,1235970884113850368,False,11913,11,31,0,b'RT @AllAbtOhmFluke: [Trans] Pls standby for the update. Nobody wants Covid-19 to happen but we need to aware and adjust our life. I will co\xe2\x80\xa6',True,102,1340885515336224768
1170102547798847488,14335586,False,1907,67,502,0,"b'RT @Public_Citizen: Your regularly scheduled reminder that Gilead is charging $3,000 for a coronavirus drug that costs less than $10 to pro\xe2\x80\xa6'",True,7352,1340885516401561603
258564911,848148994102611969,False,382774,5011,5502,0,"b'RT @Angry_Staffer: Enjoy your $600, peasants https://t.co/r13UVFuXWQ'",True,1626,1340885539461890048
147036773,1626294277,False,421,1770,847,0,b'RT @spectatorindex: JUST IN: Saudi Arabia closes all its borders to all countries amid concerns over coronavirus mutation',True,3273,1340885535301246977
2267964218,-1,True,69578,16217,359,1,b'#USA \xf0\x9f\x87\xba\xf0\x9f\x87\xb8\xf0\x9f\xa6\xa0\xf0\x9f\x92\x89 #AmericanSamoa \xf0\x9f\x87\xa6\xf0\x9f\x87\xb8\n\n\xf0\x9f\x93\xb7: Director of Health Motusa Tuileama Nua was injected with the #PfizerBioNTech\xe2\x80\xa6 https://t.co/tMPQHQQVv1',False,1,1340885536408530944
250137471,42971403,False,377,60,809,0,"b'RT @DavidBegnaud: BREAKING: \xe2\x80\x9cCanada is halting passenger flights from the United Kingdom, according to a Transport Canada notice to pilots.\xe2\x80\xa6'",True,580,1340885533757759494
1106919002306011136,140047339,False,216231,1747,841,0,"b'RT @DrAMSinghvi: Tier 4 level lockdown in London after cases have been seen spiralling due to some ""new variant"" of Covid-19 which is out o\xe2\x80\xa6'",True,103,1340885519769587712
1159220630329233409,24611925,False,52661,1699,1641,0,b'RT @ryfro06: Educators past and present that we lost to the virus. \n\nEducators We\xe2\x80\x99ve Lost to the Coronavirus https://t.co/qs4WRssNeH',True,2,1340885518674841600
17515151,18831926,False,17127,686,316,0,b'RT @DrEricDing: THAT DAY HAS ARRIVED\xe2\x80\x94\n\nLos Angeles County hospitals are preparing for potential *healthcare rationing* as ICUs overloaded w\xe2\x80\xa6',True,4141,1340885539155705856
3615421342,18831926,False,26445,878,4995,0,b'RT @DrEricDing: There are coronavirus vaccine conspiracies... \n\nand then there is this...  \n\nI can\xe2\x80\x99t un-see these videos anymore. \nhttps://\xe2\x80\xa6',True,963,1340885542813229056
161498839,-1,False,40664,2343,875,9,b'At least their government is enforcing a lockdown we just over here vibing and spreading https://t.co/ZJ5s0nXe9x',False,3,1340885530444263425
4207358304,-1,False,14964,784,2069,0,b'#Canada #Ontario #ontariolockdown .. @Canada @GovCanHealth .. @AirCanada .. they are waking up to the #COVID19 scam\xe2\x80\xa6 https://t.co/PLxKT6boua',False,0,1340885518746148867
1345996543,1507338108,False,238366,848,205,0,"b'RT @Sifill_LDF: Here\xe2\x80\x99s our summary of some of the key provisions and assessment of the #Covid_19 relief bill. Yes, this bill will ensure th\xe2\x80\xa6'",True,208,1340885530490368000
26078080,1323730225067339784,False,142877,826,570,0,b'RT @Transition46: Statement from President-elect Biden on bipartisan agreement on COVID-19 relief:\n\nhttps://t.co/sIC4FmXdDe https://t.co/83\xe2\x80\xa6',True,808,1340885511661998081
116837907,-1,False,4,766,486,0,b'UK PM Boris Johnson described the variant as up to 70% \xe2\x80\x9cmore transmissible\xe2\x80\x9d and other UK authorities describe as \xe2\x80\x9co\xe2\x80\xa6 https://t.co/M1qSTs9PdX',False,0,1340885535498362883
160230699,-1,False,170,3777,3847,0,"b""Top story: @SF_emergency: 'New smart phone tools let you know when you\xe2\x80\x99ve been exposed to #COVID19 and how to isola\xe2\x80\xa6 https://t.co/ZZzz2yAqCQ""",False,0,1340885540678328323
744252001572233216,-1,False,582452,56193,6145,36,b'Republicans who called COVID-19 a hoax and mocked mask wearing should not go to the end of line for the vaccine. Th\xe2\x80\xa6 https://t.co/ZfQ3radD2K',False,12,1340885532084211714
1211754137995530240,358545917,False,111800,331,1013,0,"b'RT @Cernovich: $900,000,000,000 (size of coronavirus stimulus)\n\ndivided by \n\n330,000,000 (\xf0\x9f\x87\xba\xf0\x9f\x87\xb8 population) \n\nequals \n\n$2,700 per person. That\xe2\x80\xa6'",True,3627,1340885516586246144
291947329,16927893,False,111964,1284,2326,0,b'RT @RobertCStern: What the hell is the use of having a vaccine for #COVID19 if you don\xe2\x80\x99t ship  it places to give the shots.  C\xe2\x80\x99mon #Congres\xe2\x80\xa6',True,7,1340885523456425987
1134653881454080000,1131465805097447424,False,8774,74,90,0,b'RT @Gwadar_Pro: Pakistan\xe2\x80\x99s textile production and exports have largely recovered from the COVID-19 pandemic shock and are back on growth tr\xe2\x80\xa6',True,41,1340885539621396480
223542622,976849451984867328,False,30100,5283,2954,0,"b'RT @vincentdesmond_: Coronavirus said \xe2\x80\x98new year, new me.\xe2\x80\x99'",True,1831,1340885537029304323
485497413,956985015673303040,False,176197,12015,5022,0,"b""RT @lucaDiGiorgio9: So in reality the covid-19 app hasn't made any difference to the current situation in Sydney !\nWhat a total waste of Fe\xe2\x80\xa6""",True,2,1340885518188343296
401598422,20583993,False,5462,88,476,0,b'RT @TheNationalNews: Saudi suspends international Umrah over new Covid-19 variant https://t.co/cRCkXplHeU',True,7,1340885513268551680
369342347,-1,False,4638,155,717,0,b'Here we go. https://t.co/YBGL9nvCPE',False,0,1340885534541926402
980848637453447173,2921790230,False,82222,177,124,0,b'RT @angrynbitter77: Fuck you.\n#CocaineMitchHatesAmerica\n#AmericaHatesCocaineMitch',True,1,1340885532608479233
2274450917,-1,False,4136,4944,5426,0,"b'@MorningLiveSABC @SakinaKamwendo @LeanneManas I always being careful Since its Started from March this Year 2020,An\xe2\x80\xa6 https://t.co/RkM2ogCPAp'",False,0,1340885531392094210
1246016557714735105,553581707,False,6632,559,878,0,b'RT @DrOlufunmilayo: ATTENTION:\nThere\xe2\x80\x99s a new mutated coronavirus that is just reported in London UK. It is described \xe2\x80\x9cout of control\xe2\x80\x9d and \xe2\x80\x9c\xe2\x80\xa6',True,10863,1340885528258949121
6529922,-1,False,133699,31491,4204,9,b'\xe2\x80\x9cOh they\xe2\x80\x99re white people? C\xe2\x80\x99mon in.\xe2\x80\x9d https://t.co/qesdJUPeIo',False,1,1340885540783218690
1238835715875557379,1235970884113850368,False,11913,11,31,0,"b'RT @AllAbtOhmFluke: FYI, the Covid-19 situation in Thailand is worse due to found out new more than 500 cases in a province \xf0\x9f\x98\x96'",True,18,1340885528124694528
1311631033507475457,792096589191852033,False,47493,1481,1556,0,b'RT @themarketswork: $900 Billion deal that gives $600 checks (&gt;$200 Billion)\n\n$300/week in unemployment benefits\n\n$284 billion small busine\xe2\x80\xa6',True,806,1340885516452048898
1639701578,-1,False,4675,234,137,0,b'STOP COVID19 \n#PulisAtKomunidad\n#SerbisyongMayPusoAtDedikasyon\n#LetsVoltIn\n#TeamCALABARZON\n#TeamRizal\n#KuyaOtep\xe2\x80\xa6 https://t.co/NglkQ5y1em',False,0,1340885512433778692
257019790,15495464,False,88140,1437,1168,0,b'RT @bergopolis: \xe2\x80\x9cLos Angeles is now the epicenter of the Covid-19 pandemic. It is the most infected county of the most infected state in th\xe2\x80\xa6',True,668,1340885542846619648
1287751867,32871086,False,95627,151,766,0,"b""RT @kylegriffin1: Why are Republicans who've downplayed the seriousness of the coronavirus or who've stood by as their colleagues downplaye\xe2\x80\xa6""",True,6705,1340885523360047104
726483853607493633,71150575,False,16796,165,170,0,"b'RT @aptly_engineerd: Incarcerated people should be a priority for COVID-19 vaccination, pass it on.'",True,18827,1340885526312857600
277609784,1145279035007754241,False,57233,3387,3458,0,b'RT @davidjdaley012: Beyond Exceptional: The Etonian English Imperialism at the Heart of a Deadly COVID-19 Crisis \xe2\x80\x93 Byline Times https://t.c\xe2\x80\xa6',True,13,1340885523192229890
2310919691,14085040,False,17382,64,210,0,"b'RT @MiamiHerald: The day after Thanksgiving, Deborah Birx, coordinator of the White House coronavirus response, traveled to one of her vaca\xe2\x80\xa6'",True,324,1340885536899280902
1309608304805474309,87818409,False,193,11,40,0,b'RT @guardian: Sydney Test in doubt as Covid-19 outbreak wreaks havoc on Australian sport https://t.co/IQ9KKX2KIm',True,10,1340885512253362178
3567713655,-1,False,3056,867,1221,5,b'Want to know how #SystemDynamics #SystemsThinking practitioners model complex problems like #COVID19?\n\nCheck out th\xe2\x80\xa6 https://t.co/oxYuclUni2',False,1,1340885535708110848
2919647173,180659655,False,31519,67,395,0,b'RT @Fayzth: P\xe2\x80\x99News: Stand by for updates everyone. No one wants Covid-19 to occurred but we need to be careful &amp; adapted to it. Within this\xe2\x80\xa6',True,59,1340885514342211590
973655493423128577,-1,False,1,34,8,0,b'VIDEO: Mayor Kirk Caldwell wants to remove inmates from Honolulu\xe2\x80\x99s COVID-19\xc2\xa0count https://t.co/qeTcmz6XKZ',False,0,1340885531236962309
147344582,18831926,False,28819,338,543,0,b'RT @DrEricDing: Who did this? It\xe2\x80\x99s brilliant!\n\nThe coronavirus vaccine won\xe2\x80\x99t leave a scar. But it\xe2\x80\x99ll protect us and our next generation. #C\xe2\x80\xa6',True,6055,1340885521514434561
120484360,11744152,False,106184,501,880,0,"b'RT @yashar: ""Direct payments to help Americans make it through a dark winter."" \n\n$600 will do no such thing. https://t.co/Lha1CaewPD'",True,209,1340885517483855872
709794889,4170889399,False,8721,118,743,0,b'RT @DeniseInCanada: No lockdowns in China.\n\nNo c0v1d v@cc1n3 in china.\n\nChina soldiers in Canada. \n\nThe joke is on us. https://t.co/7MnsQnd\xe2\x80\xa6',True,11,1340885539336011776
29287324,39308549,False,193990,4738,4822,0,b'RT @DailyCaller: Brett Giroir: Trump Taking Vaccine Would \xe2\x80\x98Generate More Confidence\xe2\x80\x99\nhttps://t.co/m7tenmv1yp',True,16,1340885527189446656
174323991,18332190,False,114,18,33,0,b'RT @British_Airways: Due to changing global travel restrictions we are operating a reduced and dynamic schedule. Please see https://t.co/Lk\xe2\x80\xa6',True,149,1340885511854981120
3951457937,65159946,False,271009,2239,3250,0,"b'RT @JohnBasham: VIDEO: OUTSTANDING Speech &amp; Presentation on #COVID19 &amp; the Rise of Medical Technocracy by Dr. Lee Merritt, M.D. at the Doct\xe2\x80\xa6'",True,10,1340885519643926530
976922188925341698,812807713,False,41173,5914,2943,0,"b'RT @PhumlaneMkhize1: @alfred_cabonena I\xe2\x80\x99m disappointed with @tito_mboweni the man is useless, he failed dismally to stop covid19 relief fun\xe2\x80\xa6'",True,9,1340885542574153728
376317678,1138076821533155328,False,50526,662,1379,0,"b'RT @JamaalBowmanNY: BREAKING: Man with an estimated net worth of $34,137,534 thinks $600 is enough.'",True,9188,1340885511087505408
211561223,767942137417572352,False,351325,281,1402,0,"b""RT @GodzillaMendoza: Please help my dad keep his home. \n\nHe was laid off from his job this year due to the pandemic and I've seen him heart\xe2\x80\xa6""",True,2702,1340885520331759616
1289622860143656964,16012783,False,140299,1045,1734,0,"b'RT @thedailybeast: New York Gov. Andrew Cuomo is demanding that the federal government ban or require testing of travelers from Britain, wh\xe2\x80\xa6'",True,308,1340885537821917184
604431737,-1,False,629,375,682,0,b'U.S. congressional leaders reached agreement on Sunday on a $900 billion package to provide the first new aid in mo\xe2\x80\xa6 https://t.co/PV81ODvivu',False,0,1340885532591702017
1321822487408074753,535643852,False,157550,467,846,0,b'RT @JordanSchachtel: What a scam. Open up America. You people are beyond useless.',True,417,1340885513268412419
1110268383206014977,-1,False,1640,16,92,0,"b'I did put my foot in there... Must have hurt but I had to safe them from themselves. MC Rossouw, Delft CT https://t.co/Mkj1TTUqQP'",False,0,1340885520990285824
564528868,1017648744299356160,False,22354,28,205,0,"b'RT @PushpaSreevani: One of the very few Chief Ministers who has been working assiduously for the welfare of the people, even during these d\xe2\x80\xa6'",True,588,1340885522357469186
1138881210455875584,-1,False,356,346,818,0,"b""Hr doesn't need it..\nHe's already had it n taken the message for it..\nI wouldn't trust any of those bastards to sho\xe2\x80\xa6 https://t.co/q78S7ZAWx9""",False,0,1340885526325452801
20455872,-1,False,281159,3858,3727,1,"b""She's not in a high risk group so why is a healthy young person cutting in line? https://t.co/BAGdZtn2jf""",False,0,1340885522416283650
3426915314,358545917,False,14346,38,81,0,"b'RT @Cernovich: $900,000,000,000 (size of coronavirus stimulus)\n\ndivided by \n\n330,000,000 (\xf0\x9f\x87\xba\xf0\x9f\x87\xb8 population) \n\nequals \n\n$2,700 per person. That\xe2\x80\xa6'",True,3627,1340885511666188289
468773453,-1,False,464,812,3695,0,"b""Top story: @SF_emergency: 'New smart phone tools let you know when you\xe2\x80\x99ve been exposed to #COVID19 and how to isola\xe2\x80\xa6 https://t.co/snYscGet5Y""",False,0,1340885536949547009
541848155,-1,False,4651,579,4988,0,"b'FINALLY, The #Democrats convinced you to believe the #American people were worthy of help from their government, li\xe2\x80\xa6 https://t.co/FbyCYHQaPj'",False,0,1340885538924941312
2305563439,812135885328236551,False,241375,319,371,0,b'RT @RealSaavedra: Healthy 31-year-old who has access to top the best medical care on the planet puts vaccinating herself ahead of health ca\xe2\x80\xa6',True,6968,1340885513566363648
1259366573825032193,455024343,False,16,46,11,0,b'RT @Surgeon_General: This has truly been a historic week! The #COVID19 vaccine is being delivered across the country to save lives and brin\xe2\x80\xa6',True,233,1340885536559431680
1031585441315803137,-1,True,175,23675,233,5,"b'As normal life resumes in Wuhan, China, many are still grieving losses from the coronavirus https://t.co/yYDuXaYyaE'",False,3,1340885547838025728
231202853,824148472534302724,False,17786,503,1091,0,b'RT @thedtrblog: I am unsure if John MacArthur got the memo that we are spreading holiday cheer and not Covid-19 this year. Please pass along',True,2,1340885569149255680
1214926309039710211,-1,False,457,23,474,1,"b'@IanWalford @sp7861 @berniespofforth No, 70000 people have died within 28 days of a positive Covid19 test. How do y\xe2\x80\xa6 https://t.co/1guQtKFj1t'",False,0,1340885559619821568
748964149,450525696,False,18322,1375,3146,0,b'RT @rob_kelsall: Really important that @educationgovuk @GavinWilliamson take note \xf0\x9f\x91\x87',True,14,1340885570776657921
140183048,-1,False,8655,1321,1275,16,"b'4 months ago we would have been losing our minds over this but now it seems like we are all just, ""oh a new strain?\xe2\x80\xa6 https://t.co/IQvSv2Whnr'",False,0,1340885571908997120
2337790794,14335586,False,109784,207,1446,0,"b'RT @Public_Citizen: Your regularly scheduled reminder that Gilead is charging $3,000 for a coronavirus drug that costs less than $10 to pro\xe2\x80\xa6'",True,7352,1340885545128488961
147946955,-1,False,26667,1658,525,2,b'We need to do this asap! #COVID19 https://t.co/DEXNWE4YVx',False,1,1340885579337089025
760236949680578560,-1,False,14210,3118,2765,17,"b'Let me also add, as a reminder,  Dr. @JamesEKHildreth was on the board that approved recommending emergency use of\xe2\x80\xa6 https://t.co/LvPkU70TWp'",False,3,1340885551797456897
230492969,553581707,False,1648,125,437,0,b'RT @DrOlufunmilayo: ATTENTION:\nThere\xe2\x80\x99s a new mutated coronavirus that is just reported in London UK. It is described \xe2\x80\x9cout of control\xe2\x80\x9d and \xe2\x80\x9c\xe2\x80\xa6',True,10863,1340885573251293189
1069873823057633280,21366823,False,147705,34,567,0,b'RT @allkpop: Kim Chung Ha cleared from COVID-19 quarantine\nhttps://t.co/iRpaDHUfaK https://t.co/3k4COAEaaT',True,481,1340885561066831873
713885365,2561714864,False,23353,12077,1335,0,b'RT @RJerop_: Counties should account for all the funds released by the government to help in the fight against covid-19 #FactsOnDoctorsPay\xe2\x80\xa6',True,17,1340885545325572098
825672606112157696,32871086,False,286490,822,3159,0,"b""RT @kylegriffin1: Why are Republicans who've downplayed the seriousness of the coronavirus or who've stood by as their colleagues downplaye\xe2\x80\xa6""",True,6705,1340885577407848449
792995834,358545917,False,6500,2022,1188,0,"b'RT @Cernovich: $900,000,000,000 (size of coronavirus stimulus)\n\ndivided by \n\n330,000,000 (\xf0\x9f\x87\xba\xf0\x9f\x87\xb8 population) \n\nequals \n\n$2,700 per person. That\xe2\x80\xa6'",True,3627,1340885581711233025
1122927090901192705,-1,False,521,72,99,0,b'The UK gov closed all airports and train stations to the European\xe2\x80\xa6\n\nTell the UK gov to prevent their people to trav\xe2\x80\xa6 https://t.co/tzqKJAlzZk',False,0,1340885573091770368
29897850,720139699,False,20393,2775,4985,0,"b'RT @HannaLiubakova: #Belarus closed its borders due to #Covid19 - officially. Now people can only leave via airport. Inside Belarus, Covid\xe2\x80\xa6'",True,138,1340885570537443328
424923977,-1,False,52396,2055,3140,0,b'@7NewsAustralia Maybe they\xe2\x80\x99d prefer their plans to change when their parents are dead due to #COVID19 ?',False,0,1340885572697477124
139498464,1626294277,False,158,1088,436,0,b'RT @spectatorindex: JUST IN: Saudi Arabia closes all its borders to all countries amid concerns over coronavirus mutation',True,3273,1340885564711682048
710810649060741120,1507338108,False,229960,11597,10245,0,"b'RT @Sifill_LDF: Here\xe2\x80\x99s our summary of some of the key provisions and assessment of the #Covid_19 relief bill. Yes, this bill will ensure th\xe2\x80\xa6'",True,208,1340885549381419008
37984018,14335586,False,68989,692,3098,0,"b'RT @Public_Citizen: Your regularly scheduled reminder that Gilead is charging $3,000 for a coronavirus drug that costs less than $10 to pro\xe2\x80\xa6'",True,7352,1340885580343877632
1608587778,105284185,False,70645,456,226,0,"b'RT @anthonyfurey: \xe2\x80\x9cIn a saner world, the burden of proof really should belong to the lockdowners\xe2\x80\x9d\nHere in Canada it also holds true that th\xe2\x80\xa6'",True,110,1340885563981774849
379517721,4696552878,False,102987,746,2275,0,"b'RT @CoriBush: The people deserve to know why they are being denied $2,000 / month survival checks.\n\nCOVID-19 relief should not be debated b\xe2\x80\xa6'",True,7197,1340885549717090304
1516035608,-1,False,40725,286,346,0,b'Mumbai Police use BTS\xe2\x80\x99 lyrics to warn of \xe2\x80\x98Dynamite\xe2\x80\x99 dangers of COVID-19 during festive season https://t.co/GZKvCO95BM',False,0,1340885552325926913
807533767992705024,1138076821533155328,False,142736,888,3736,0,"b'RT @JamaalBowmanNY: BREAKING: Man with an estimated net worth of $34,137,534 thinks $600 is enough.'",True,9188,1340885556511825928
160131888,-1,False,135,137600,74,2,"b'The COVID-19 death toll of Nepalis living abroad has surged past 312, said the Non-Resident Nepali Association on S\xe2\x80\xa6 https://t.co/wIbE0BxGih'",False,1,1340885574346006528
4924254321,98330155,False,58135,1066,1102,0,b'RT @SheilahGashumba: The people supposed to account for it are the same people who stole the money \xf0\x9f\x98\x9d',True,14,1340885581174366208
2763140335,-1,False,90,80,224,0,"b'On Brexit and Coronavirus, Boris Johnson Leaves It\xc2\xa0Late https://t.co/Nj5BVZMmYm'",False,0,1340885554376880129
1859272753,71150575,False,27751,379,991,0,"b'RT @aptly_engineerd: Incarcerated people should be a priority for COVID-19 vaccination, pass it on.'",True,18827,1340885580910084096
2996901234,-1,True,3170,9616,1124,0,"b'A shortened off-season, strict travel measures and contending with the #coronavirus crisis - the #NBA takes a giant\xe2\x80\xa6 https://t.co/plfsDnZBzl'",False,0,1340885570663428097
882295790441562113,759251,False,146611,1119,2372,0,"b""RT @CNN: Married for 30 years, they died together from Covid-19 complications sharing one final embrace \xe2\x80\x94 holding each other's hands and th\xe2\x80\xa6""",True,228,1340885571665866753
1096646820476768257,-1,False,110894,5636,131,7,b'so you mean basically still the same as 2020 https://t.co/nu7e56zRgD',False,0,1340885550396370944
226540001,3047925973,False,11803,153,327,0,b'RT @DrIanWeissman: The FDA\xe2\x80\x99s emergency use authorization of Moderna\xe2\x80\x99s coronavirus vaccine can\xe2\x80\x99t come soon enough for rural communities in t\xe2\x80\xa6',True,3,1340885551851982848
919630476947505152,55857464,False,9058,19,402,0,b'RT @miltsdad: I am 70. Have a chronic medial problem. I do not mind waiting for my turn for the COVID vaccine.  Many others need to go firs\xe2\x80\xa6',True,51241,1340885572437438465
1224014733692399616,1917731,False,214669,750,1078,0,b'RT @thehill: Surgeon general: Immigration status should not be barrier to receiving COVID-19 vaccine https://t.co/LlSnhVkKH8 https://t.co/j\xe2\x80\xa6',True,85,1340885549540810752
1253232424030359553,355989081,False,24295,239,2832,0,"b'RT @ANI: India records 24,337 new COVID-19 cases, 25,709 recoveries, &amp; 333 deaths in the last 24 hours, as per Health Ministry. \n\nTotal cas\xe2\x80\xa6'",True,31,1340885558558486528
998742740392275968,181419468,False,28030,2341,3636,0,b'RT @saba_h: Supermarkets in L.A. County see unprecedented coronavirus infection rates https://t.co/YYOZRgyCji via @skarlamangla',True,13,1340885573142102017
3179103314,-1,False,14600,820,4624,1,"b'Tougher UK coronavirus curbs may last some time, health minister suggests https://t.co/SY6S71zLCX'",False,1,1340885566276075522
340818984,14293310,False,52047,236,361,0,b'RT @TIME: Canada and Europe block U.K. travel in bid to stop spread of new COVID-19 strain https://t.co/qRkYlCS2XN',True,130,1340885571334414344
524600835,-1,False,2777,119,1146,0,b'@murray_nyc @realDonaldTrump Tell me about it!  Plus it really irritates me that he refers to Covid-19 as the \xe2\x80\x9cChin\xe2\x80\xa6 https://t.co/Ot01CmsVmn',False,0,1340885556969017344
502341024,196168350,False,3776,39,542,0,b'RT @AnnCoulter: Is she over 70?  How on earth did AOC get first in line for the vaccine?',True,964,1340885564720078849
1328339419347230720,-1,False,1982,0,18,1,b'$SPY $DIA\n\ntime for stimulation\n\n#Fintwit #StockMarket #Trading \n#StocksToWatch #StockMarketNews https://t.co/pEl3YIvEfQ',False,0,1340885548148383744
139292379,-1,False,941,641,291,2,"b'Sir, need urgent help my brother v critical need ur urgent help. Pls see screenshot for details. @ArvindKejriwal\xe2\x80\xa6 https://t.co/T88pF8WOeK'",False,1,1340885551239467009
2338197726,16799023,False,33153,330,247,0,b'RT @AliAbunimah: You are corrupt and despicable. You denied people relief before the election as a political ploy and you still lost seats.\xe2\x80\xa6',True,161,1340885567094083584
1207049379020001280,21522338,False,40694,242,166,0,b'RT @marwilliamson: No one should be proud of making people so desperate that they\xe2\x80\x99re reduced to saying \xe2\x80\x9cThank you\xe2\x80\x9d for a crumb.',True,458,1340885554364346371
2971071490,1578064406,False,24248,618,507,0,b'RT @_brianpitter: Took a trip to the streets of Kingston for my first YouTube video and asked persons if they would participate in taking t\xe2\x80\xa6',True,32,1340885572106203136
940940460884877312,13218102,False,32175,232,1501,0,b'RT @JohnCornyn: I hope Congress can continue to chart a path forward to both\ngovernment funding and COVID-19 relief \xe2\x80\x93 we are close. Texans\xe2\x80\xa6',True,64,1340885570382270467
715617989656051712,-1,False,116943,11460,5520,5,"b'Because they are ""fuckers"" and cowards. https://t.co/5zwU3H3pkU'",False,1,1340885581148999681
45282372,2423370157,False,12121,503,306,0,b'RT @GreatGameIndia: BREAKING\n\nAn Austrian parliamentary member exposed the defectiveness of the government\xe2\x80\x99s #COVID19 tests by demonstratin\xe2\x80\xa6',True,40,1340885555240861696
327720735,358545917,False,77863,4965,3383,0,"b'RT @Cernovich: $900,000,000,000 (size of coronavirus stimulus)\n\ndivided by \n\n330,000,000 (\xf0\x9f\x87\xba\xf0\x9f\x87\xb8 population) \n\nequals \n\n$2,700 per person. That\xe2\x80\xa6'",True,3627,1340885555572133891
1726471404,997682274,False,62472,223,1260,0,"b'RT @BryanDawsonUSA: Lexington was the 2nd-largest city in Kentucky. Founded in 1775, the \xe2\x80\x9cBlue Grass State\xe2\x80\x9d &amp; \xe2\x80\x9cHorse Capital of the World\xe2\x80\x9d\xe2\x80\xa6'",True,220,1340885547573764098
19370499,-1,False,9474,1054,4248,1,b'The Independent review of COVID-19 (called by the Federal gov and Scott morrison) of the outbreaks at St Basil\xe2\x80\x99s an\xe2\x80\xa6 https://t.co/LJnJoQ9Ksi',False,1,1340885564061446148
234259188,1254412448,False,41521,86,622,0,"b""RT @BeijingPalmer: the pharma bro story did not include the bit where she was like 'my man will save us from the coronavirus' https://t.co/\xe2\x80\xa6""",True,1011,1340885563818135553
1158070867487838208,802690892628774913,False,95995,215,1422,0,b'RT @balloon_wanted: MNH Entertainment shares that Chungha is asymptomatic following testing positive for COVID-19 earlier this month\n\nChung\xe2\x80\xa6',True,402,1340885571590377472
811053321632915460,18831926,False,241317,5872,6120,0,b'RT @DrEricDing: 2) US still has not acted to impose any travel restrictions from UK yet. Meanwhile...',True,97,1340885567920250880
1182346921920348161,499073990,False,20337,63438,3830,0,b'RT @DebraMessing: #GEORGIA \xf0\x9f\x9a\xa8\xf0\x9f\x9a\xa8\xf0\x9f\x9a\xa8\xf0\x9f\x9a\xa8\xf0\x9f\x9a\xa8\xf0\x9f\x9a\xa8\xf0\x9f\x9a\xa8\xf0\x9f\x9a\xa8\xf0\x9f\x9a\xa8\xf0\x9f\x9a\xa8\xf0\x9f\x9a\xa8\xf0\x9f\x9a\xa8\xf0\x9f\x9a\xa8\xf0\x9f\x9a\xa8\xf0\x9f\x9a\xa8\xf0\x9f\x9a\xa8\xf0\x9f\x9a\xa8\xf0\x9f\x9a\xa8\xf0\x9f\x9a\xa8\xf0\x9f\x9a\xa8The POWER is in YOUR hands.Elect #JonOssoff &amp; #RaphaelWarnock &amp; it is the END to republicans\xe2\x80\xa6',True,227,1340885551885508608
2352886471,-1,True,1332,2846,308,8,b'82% of small businesses in #Armenia are feeling the negative impacts of #COVID19. \nThru @anushbabajanyan\xe2\x80\x99s striking\xe2\x80\xa6 https://t.co/M4ERgjORAn',False,5,1340885562509701121
18159748,-1,False,37102,244,1177,1,b'#Pandemic #COVID19 #DeathCult #CriminalNegligence | @GOP &amp; @Democrats advocate for #CorporateDonors not the\xe2\x80\xa6 https://t.co/9A0xiWkugs',False,0,1340885553038897152
1544129365,71150575,False,304601,683,171,0,"b'RT @aptly_engineerd: Incarcerated people should be a priority for COVID-19 vaccination, pass it on.'",True,18827,1340885576803901440
205772830,-1,False,2080,18565,20413,0,"b'@MorningLiveSABC @SakinaKamwendo @LeanneManas Good morning my lovely presenters,am always countous where ever I go.\xe2\x80\xa6 https://t.co/ru1C8ujL7l'",False,0,1340885574606053379
717417631,18831926,False,57772,889,1542,0,b'RT @DrEricDing: THAT DAY HAS ARRIVED\xe2\x80\x94\n\nLos Angeles County hospitals are preparing for potential *healthcare rationing* as ICUs overloaded w\xe2\x80\xa6',True,4141,1340885559456219137
18995147,18831926,True,98312,10479,2313,0,b'RT @DrEricDing: THAT DAY HAS ARRIVED\xe2\x80\x94\n\nLos Angeles County hospitals are preparing for potential *healthcare rationing* as ICUs overloaded w\xe2\x80\xa6',True,4141,1340885579848851457
824162165561114624,1222796311168077824,False,85694,1710,957,0,b'RT @DrZoeHyde: That COVID-ravaged Netherlands would do this is really saying something. https://t.co/7ZtYvf4CbM',True,69,1340885564808151040
1023585170669154304,3106815751,False,3702,3,62,0,b'RT @MirMAKOfficial: London has just declared Tier 4 lockdown because of a new mutated Covid-19 which is 70% more transmissible and deadlier\xe2\x80\xa6',True,1901,1340885557514268672
909078369907613696,825922405453402115,False,191495,5650,6205,0,b'RT @SolNataMD: Covid-19 exhausted my soul. Emptied it. Completely wiped out the joy of medicine. It continues its attempts to break me. Eve\xe2\x80\xa6',True,1552,1340885549935190021
1168377558309789696,3047925973,False,82867,759,502,0,"b""RT @DrIanWeissman: Coronavirus infections and deaths skyrocket heading into Christmas week, and 'it will get worse'. @DrLindaMD @EvanKirste\xe2\x80\xa6""",True,3,1340885572034899973
2256120033,715276822489997312,False,81042,353,640,0,"b'RT @JonathanMunitz: Remember this, Congress during this pandemic was guaranteed:\n1) A job/no wage cuts/healthcare\n2) First shot at COVID-19\xe2\x80\xa6'",True,16,1340885551432523776
898486464,-1,False,16039,128,35,1,"b'New daily Covid-19 infections in the four UK nations (with numbers per million of population in brackets), 20th Dec\xe2\x80\xa6 https://t.co/mi6lVimyjn'",False,0,1340885558000697344
925949911039971328,215207998,False,39888,2533,2724,0,b'RT @kurteichenwald: Hey @marcorubio - many people working with Covid patients at that hospital in the photograph below have yet to receive\xe2\x80\xa6',True,200,1340885554183979008
271810739,25919401,False,35111,51,80,0,"b'RT @AllenLEllison: FL. has 497,000 essential healthcare workers on the frontlines fighting covid, but only received 127,000 vaccines. Senat\xe2\x80\xa6'",True,1590,1340885555848962053
17863187,-1,False,27445,1247,334,2,"b""It's even worse than this. Not every person gets the piddly $600. No kids, and nobody who didn't file something wit\xe2\x80\xa6 https://t.co/Fdi9GaCDqs""",False,0,1340885568956162048
2806007370,1228754267835707399,False,92906,2387,4170,0,"b'RT @CTZebra: Dr. Tawfiqul Bhuiya, 63yo Pathologist, Northwell Health, NY, died of #covid19 12/13. He was a physician, scholar, and educator\xe2\x80\xa6'",True,155,1340885575314919426
883767825197801472,1077178397300834304,False,199,10890,92,0,"b""RT @KDANIEL_SUPPORT: [\xf0\x9f\x93\xb0] Kang Daniel's Popularity Award (local and overseas) confirmed by APAN. \n\nOrganizers will follow the Korean governm\xe2\x80\xa6""",True,148,1340885557082112000
1253123192186474497,-1,False,0,0,0,0,"b""Coronavirus: Trump's Covid vaccine chief admits delivery mistake https://t.co/EBBO4GQC6f""",False,0,1340885565315682304
1035000759446855682,71150575,False,23725,305,247,0,"b'RT @aptly_engineerd: Incarcerated people should be a priority for COVID-19 vaccination, pass it on.'",True,18827,1340885571980283905
790294532273209344,1043185714437992449,False,97659,6677,6593,0,"b'RT @catturd2: WE\xe2\x80\x99RE SAVED !!!!\n\nThe government forces you out of your job for 10 months, and you\xe2\x80\x99re about to get a whopping 600 bucks - whi\xe2\x80\xa6'",True,1549,1340885545140948992
978659117949734913,953924228306305024,False,74176,1490,1626,0,b'RT @Cleavon_MD: The virus is closing in on us. Another ER doctor has contracted COVID19 at work. This makes the 4th ER doctor over the past\xe2\x80\xa6',True,1508,1340885546500022273
82836054,955821725857525760,False,18938,128,976,0,b'RT @tteokminnie: jungkook almost cussing the coronavirus out is so attractive and for what \n https://t.co/eS5tSKlPSr',True,2411,1340885555735760897
209492408,20986375,False,14655,19247,18597,0,"b'RT @JournoDannyAero: Hong Kong may ban flights from Britain after worsening coronavirus outbreak, sources say, as government considers exte\xe2\x80\xa6'",True,6,1340885611700371456
99014337,1414858003,False,1806,1440,755,0,b'RT @bhartijainTOI: India next?',True,6,1340885592008085504
1224014733692399616,84734907,False,214669,750,1078,0,"b""RT @KristenClarkeJD: This is precisely right and a humane stance. (Let's see if the Surgeon General still has a job by the end of the week)""",True,60,1340885588400979968
2480186806,755057897583804416,False,5806,54,491,0,b'RT @ProudSocialist: You did not save anyone\xe2\x80\x99s life or livelihood with $600 checks @SpeakerPelosi.',True,220,1340885608588324867
1132489887414968321,11744152,False,15099,132,1585,0,"b'RT @yashar: ""Direct payments to help Americans make it through a dark winter."" \n\n$600 will do no such thing.'",True,209,1340885586291396609
1243112042224947200,50944856,False,40703,213,355,0,"b'RT @smitaprakash: Canada, Turkey, Netherlands, Denmark, Austria, Belgium, Italy, Israel, Germany and South Africa  suspend flights from Bri\xe2\x80\xa6'",True,662,1340885599046127616
594318174,71150575,False,89514,446,1000,0,"b'RT @aptly_engineerd: Incarcerated people should be a priority for COVID-19 vaccination, pass it on.'",True,18827,1340885606973501440
2398660411,-1,False,83191,2244,2748,0,b'@AcampbelTeacher @FrankDElia7 @Clint0nAnders0n @AndrewLazarus4 @BMcB77437937 @jkellyca @PaulVCooper1\xe2\x80\xa6 https://t.co/WgTa0V6Ssz',False,0,1340885593929048066
1001226745519915008,451192624,False,220975,1230,3406,0,b'RT @CarlosdelRio7: Primer on the #coronavirus in the UK. 1. mutation N501Y is one of six key contact residues within the RBD and has been i\xe2\x80\xa6',True,80,1340885589738995713
2208155712,71150575,False,13177,334,620,0,"b'RT @aptly_engineerd: Incarcerated people should be a priority for COVID-19 vaccination, pass it on.'",True,18827,1340885600681996288
21133078,-1,False,4,108,94,0,"b'Leo Panitch, intellectual pillar of the Canadian left, dead at 75 of COVID-19 https://t.co/Xkg3mJfdlG https://t.co/XJYe3evc2H'",False,0,1340885595816542209
728076621169590273,11744152,False,77510,887,838,0,"b'RT @yashar: ""Direct payments to help Americans make it through a dark winter."" \n\n$600 will do no such thing.'",True,209,1340885617660538880
1196473380335050752,3204731,False,6745,467,421,0,"b'RT @krislc: Court of Final Appeal ruled  is constitutional for gov to ban face covering at legal and illegal gatherings, and the Emergency\xe2\x80\xa6'",True,423,1340885599662657536
1969078278,18831926,False,33497,298,1697,0,b'RT @DrEricDing: THAT DAY HAS ARRIVED\xe2\x80\x94\n\nLos Angeles County hospitals are preparing for potential *healthcare rationing* as ICUs overloaded w\xe2\x80\xa6',True,4141,1340885590967873538
196426956,-1,False,28482,1407,3389,1,"b'So, this fucking awkward COVID-19 situations was the end to concerts and music festivals?'",False,0,1340885586706485248
1231797722660904960,553581707,False,1540,122,177,0,b'RT @DrOlufunmilayo: ATTENTION:\nThere\xe2\x80\x99s a new mutated coronavirus that is just reported in London UK. It is described \xe2\x80\x9cout of control\xe2\x80\x9d and \xe2\x80\x9c\xe2\x80\xa6',True,10863,1340885613852160000
2313069740,1011970623470489601,False,20665,50,120,0,b'RT @DWUhlfelderLaw: No Bible verse is going to save Marco Rubio from the beating he is taking for cutting to front of line to get COVID-19\xe2\x80\xa6',True,3902,1340885617698172928
850500883746095104,-1,False,249,19,139,0,"b'\xf0\x9f\x93\xb7 popculturebrain: Ian McKellen, Prue Leith Among U.K. Stars to Receive COVID-19 Vaccine Oscar-winning British acto\xe2\x80\xa6 https://t.co/oLr1shr0kL'",False,0,1340885611973124106
592499892,1138076821533155328,False,394417,567,817,0,"b'RT @JamaalBowmanNY: BREAKING: Man with an estimated net worth of $34,137,534 thinks $600 is enough.'",True,9188,1340885587973332992
583185555,11744152,False,9973,186,813,0,"b'RT @yashar: ""Direct payments to help Americans make it through a dark winter."" \n\n$600 will do no such thing.'",True,209,1340885587981692930
70055480,215207998,False,5865,974,2353,0,b'RT @kurteichenwald: This is what experts like Eric have been warning: healthcare rationing is beginning. Money won\xe2\x80\x99t help you. If you have\xe2\x80\xa6',True,510,1340885585280589825
611647383,553581707,False,14033,5626,5079,0,b'RT @DrOlufunmilayo: ATTENTION:\nThere\xe2\x80\x99s a new mutated coronavirus that is just reported in London UK. It is described \xe2\x80\x9cout of control\xe2\x80\x9d and \xe2\x80\x9c\xe2\x80\xa6',True,10863,1340885603597111298
114048914,128429068,False,399766,3425,4999,0,"b'RT @AlamoOnTheRise: Trump: Day 1,430 (THREAD)\n-18,267,579 Cases of COVID-19 in US\n-US CV-19 Death Toll Rises to 324,869\n-Day 43 Since Biden\xe2\x80\xa6'",True,75,1340885592964403201
211609350,1254412448,False,22637,145,1495,0,"b""RT @BeijingPalmer: the pharma bro story did not include the bit where she was like 'my man will save us from the coronavirus' https://t.co/\xe2\x80\xa6""",True,1011,1340885613894090753
937576886783295488,851985789072408576,False,56964,97,373,0,b'RT @HighWireTalk: The Food and Drug Administration (FDA) is investigating allergic reactions to the Pfizer coronavirus vaccine that were re\xe2\x80\xa6',True,149,1340885609632677889
1313249021679611904,358545917,False,77038,148,623,0,"b'RT @Cernovich: $900,000,000,000 (size of coronavirus stimulus)\n\ndivided by \n\n330,000,000 (\xf0\x9f\x87\xba\xf0\x9f\x87\xb8 population) \n\nequals \n\n$2,700 per person. That\xe2\x80\xa6'",True,3627,1340885596148019202
43571914,1323730225067339784,False,736,116,210,0,b'RT @Transition46: Statement from President-elect Biden on bipartisan agreement on COVID-19 relief:\n\nhttps://t.co/sIC4FmXdDe https://t.co/83\xe2\x80\xa6',True,808,1340885601806008320
1246638528907313152,23773465,False,2410,203,448,0,"b""RT @Ron_Nirenberg: Questions about the COVID-19 vaccine?\n\nCheck out @ksatnews' interview with San Antonio's Dr. Jason Bowling, infectious d\xe2\x80\xa6""",True,8,1340885590183653376
60231171,774407512598704128,False,119964,143,120,0,b'RT @Mimirocah1: Great question.',True,236,1340885605895421952
4349585295,825922405453402115,False,6301,531,2265,0,b'RT @SolNataMD: Covid-19 exhausted my soul. Emptied it. Completely wiped out the joy of medicine. It continues its attempts to break me. Eve\xe2\x80\xa6',True,1552,1340885582105378816
273788443,2463200455,False,10633,235,526,0,b'RT @UKinFrance: \xf0\x9f\x87\xab\xf0\x9f\x87\xb7 has announced that travel from \xf0\x9f\x87\xac\xf0\x9f\x87\xa7 will be restricted from midnight \xf0\x9f\x87\xab\xf0\x9f\x87\xb7 time tonight. Intl travel from \xf0\x9f\x87\xac\xf0\x9f\x87\xa7 also restricted\xe2\x80\xa6',True,24,1340885616716898304
3113310014,139162440,False,75098,82,146,0,"b""RT @pattonoswalt: FUCK. YOU. I don't believe in an afterlife but I know YOU do. I hope your guilty subconscious constructs a mind-palace of\xe2\x80\xa6""",True,1956,1340885603710169090
111842654,2985479932,False,254043,1363,1232,0,"b'RT @BNODesk: BREAKING: Coronavirus mutation first found in the UK also found in Italy, health minister says'",True,1052,1340885618914713603
141098952,-1,False,68,23,121,0,b'How Gorilla Logic Became The Go-To Software Development Partner During COVID-19 https://t.co/VERpZK8eX7 https://t.co/GypBJfSvSF',False,0,1340885593962627074
1334413019347111940,-1,False,0,814,116,0,b'https://t.co/oFZWYiPQvH \xf0\x9f\x90\xa6 headlines in aePiot - Saskatchewan advocates hope progress doesn\xe2\x80\x99t regress as COVID-19 va\xe2\x80\xa6 https://t.co/8ARoSlXzYo',False,0,1340885600883359744
1271299993438236673,10774652,False,2850,766,524,0,"b'RT @theblaze: Dr. Birx took family trip to Delaware vacation home, flouting her own coronavirus guidance https://t.co/si64rguEAR'",True,414,1340885613562781696
467804571,767942137417572352,False,4879,34,70,0,"b""RT @GodzillaMendoza: Please help my dad keep his home. \n\nHe was laid off from his job this year due to the pandemic and I've seen him heart\xe2\x80\xa6""",True,2702,1340885607518588928
813292471975366656,32871086,False,170914,313,3150,0,"b""RT @kylegriffin1: Why are Republicans who've downplayed the seriousness of the coronavirus or who've stood by as their colleagues downplaye\xe2\x80\xa6""",True,6705,1340885605744521216
863268360,65970675,False,3759,205,1028,0,b'RT @AlexMMTri: #CovidDiaries I watched a previously healthy 41yo male die of #COVID19 today. \xf0\x9f\x98\x94 Please \xf0\x9f\x98\xb7\xe2\x9c\x8b\xf0\x9f\xa7\xbc\xe2\x86\x94\xef\xb8\x8f\xf0\x9f\x8f\xa1 #DoYourPart  - @CMAdocs @cafp_\xe2\x80\xa6',True,22,1340885610874032129
2543982944,-1,False,22,1783,3656,0,b'Live Updates: Coronavirus relief deal reached https://t.co/xGhUT1vBre',False,0,1340885594491129860
340818984,140047339,False,52047,236,361,0,"b'RT @DrAMSinghvi: Tier 4 level lockdown in London after cases have been seen spiralling due to some ""new variant"" of Covid-19 which is out o\xe2\x80\xa6'",True,103,1340885604813348864
7050962,-1,False,54070,4556,4662,11,b'Sensible. https://t.co/HD1YBmpKk9',False,2,1340885600786731008
708059148571811844,-1,False,106883,1555,2004,0,b'Congressional math. \xf0\x9f\xa4\xaa https://t.co/A8M0esULja',False,0,1340885611910209537
318921346,14293310,False,2528,193,1553,0,b'RT @TIME: Canada and Europe block U.K. travel in bid to stop spread of new COVID-19 strain https://t.co/qRkYlCS2XN',True,130,1340885584521342976
1082201922260496385,55857464,False,329,85,235,0,b'RT @miltsdad: I am 70. Have a chronic medial problem. I do not mind waiting for my turn for the COVID vaccine.  Many others need to go firs\xe2\x80\xa6',True,51241,1340885589793492993
911961538814255105,-1,False,2503,701,1811,2,"b""@thehill Let's get serious. Only 11% of the US work force (19 million) are getting unemployment benefits. #COVID19\xe2\x80\xa6 https://t.co/xSk2yGpeEo""",False,0,1340885610375114753
572282251,2347049341,False,167344,14846,16406,0,"b'RT @voxdotcom: 23-year-old Riley Behrens was a self-described ""healthy young athlete with no major medical conditions.""\n\nAfter her Covid-19\xe2\x80\xa6'",True,84,1340885592914063361
1224211230002335744,34367582,False,251928,1315,1941,0,"b'RT @TimRunsHisMouth: Good to know that @AOC values herself... a protected young and healthy person... over frontline workers, the elderly,\xe2\x80\xa6'",True,60,1340885596697284609
176009936,-1,False,7272,350,773,0,b'@kirstiealley not sure if saw this.\n\nhttps://t.co/PnLIMEyabB',False,0,1340885596504526850
919463268,1228754267835707399,False,222192,22192,20085,0,"b'RT @CTZebra: Dr. Clarence Scott, 68yo Family Practitioner, SW Florida, died of #covid19 11/10. He was sickened in May- insurance ran out du\xe2\x80\xa6'",True,342,1340885584588357632
2339733895,-1,False,2028,520,1152,0,b'Health is the basic right of every human being....\n#RahnumaFPAP #FPAP #HumanRights #Equality #COVID19 #Humanity\xe2\x80\xa6 https://t.co/y4tJN4mvqQ',False,1,1340885585108545537
18656865,32871086,False,12193,1949,2103,0,"b""RT @kylegriffin1: Why are Republicans who've downplayed the seriousness of the coronavirus or who've stood by as their colleagues downplaye\xe2\x80\xa6""",True,6705,1340885597188222976
222343281,-1,False,3103,25,170,0,"b'@2GB873 @GregHuntMP If the current break out of coronavirus in NSW, or future breakouts, get into an aged care faci\xe2\x80\xa6 https://t.co/NGjKYqD8CG'",False,0,1340885585515356160
38400130,-1,True,238,1074332,174,4,"b""Australia's Victoria Premier apologises for lax COVID-19 controls on hotel quarantine https://t.co/Lxbr0txPeT https://t.co/ngIovX02wr""",False,3,1340885601642409985
348120551,215207998,False,3189,207,353,0,b'RT @kurteichenwald: This is what experts like Eric have been warning: healthcare rationing is beginning. Money won\xe2\x80\x99t help you. If you have\xe2\x80\xa6',True,510,1340885592880652291
60342790,11744152,False,163084,2362,3629,0,"b'RT @yashar: ""Direct payments to help Americans make it through a dark winter."" \n\n$600 will do no such thing.'",True,209,1340885612568698880
602449513,18831926,False,52620,1445,66,0,b'RT @DrEricDing: THAT DAY HAS ARRIVED\xe2\x80\x94\n\nLos Angeles County hospitals are preparing for potential *healthcare rationing* as ICUs overloaded w\xe2\x80\xa6',True,4141,1340885595413889029
1008465608814579714,1064371027575271430,False,439,74,464,0,b'RT @TuasBodyguard: BREAKING: Ohio State will probably experience an outbreak of COVID-19 soon that disqualifies them from their first playo\xe2\x80\xa6',True,3,1340885596559056904
973655493423128577,-1,False,1,34,8,0,b'White House secures \xe2\x80\x98three martini lunch\xe2\x80\x99 tax deduction in draft of coronavirus relief\xc2\xa0package https://t.co/IYbbADx4b5',False,0,1340885585649668096
312149882,-1,False,19997,62909,25830,0,b'Live Updates: Coronavirus relief deal reached https://t.co/loAJneOquL via @foxnews',False,0,1340885594331758593
921289326,1323730225067339784,False,124340,1503,2586,0,b'RT @Transition46: Statement from President-elect Biden on bipartisan agreement on COVID-19 relief:\n\nhttps://t.co/sIC4FmXdDe https://t.co/83\xe2\x80\xa6',True,808,1340885589068017667
818658439857479680,-1,False,15630,3318,3212,1,b'@ananavarro let\xe2\x80\x99s make sure little @marcorubio sees this tweet. https://t.co/YNki6GrgHu',False,0,1340885616884547585
851239265329496065,18831926,False,137137,489,2474,0,"b'RT @DrEricDing: NEW\xe2\x80\x94Because \xf0\x9f\x87\xac\xf0\x9f\x87\xa7 mutation has also been found in Netherlands \xf0\x9f\x87\xb3\xf0\x9f\x87\xb1, air travel from the UK is now banned starting Dec 20th to Ja\xe2\x80\xa6'",True,619,1340885586341597185
125114542,-1,False,17456,40,584,0,b'White House secures \xe2\x80\x98three martini lunch\xe2\x80\x99 tax deduction in draft of coronavirus relief package https://t.co/A9pUjCRS26',False,0,1340885597041422336
4849148157,18329263,False,4024,2893,20,0,b'RT @BloodDonorsIn: #Delhi\nNeed #Blood Type :  A-positive\nAt : Max Patparganj\nBlood Component : Need Plasma from AB+ve/AB-ve/A+ve/A-ve #COVI\xe2\x80\xa6',True,38,1340885606918881285
1143908639876485120,-1,False,41064,2747,1320,0,"b""@ummodern I don't know exactly what the incentives or requirements are for employers. It seems in UK the employers\xe2\x80\xa6 https://t.co/irPs4CoebM""",False,0,1340885607191437312
29468402,18831926,False,99121,437,1173,0,"b'RT @DrEricDing: JUST IN\xe2\x80\x94Austria, Belgium, Italy and the Netherlands announced bans on travel to UK \xf0\x9f\x87\xac\xf0\x9f\x87\xa7\xe2\x80\x94France, Germany &amp; Ireland likely soon\xe2\x80\xa6'",True,1391,1340885602548461568
1315638398007169024,358545917,False,5676,71,1423,0,"b'RT @Cernovich: $900,000,000,000 (size of coronavirus stimulus)\n\ndivided by \n\n330,000,000 (\xf0\x9f\x87\xba\xf0\x9f\x87\xb8 population) \n\nequals \n\n$2,700 per person. That\xe2\x80\xa6'",True,3627,1340885600145006592
276391590,-1,False,3640,160,5,0,b'Dumbest motherfucker around. https://t.co/xq8SmCdBqs',False,0,1340885617316483073
1033321385198796802,1626294277,False,636,5,478,0,b'RT @spectatorindex: JUST IN: Saudi Arabia closes all its borders to all countries amid concerns over coronavirus mutation',True,3273,1340885582696730625
2437692727,32871086,False,35073,1238,2175,0,"b""RT @kylegriffin1: Why are Republicans who've downplayed the seriousness of the coronavirus or who've stood by as their colleagues downplaye\xe2\x80\xa6""",True,6705,1340885646815084545
1438589898,1626294277,False,16963,132,90,0,b'RT @spectatorindex: JUST IN: Saudi Arabia closes all its borders to all countries amid concerns over coronavirus mutation',True,3273,1340885653295390726
1071098768924102656,-1,False,20110,263,66,0,b'Agreed. https://t.co/P8qg8kVgFc',False,0,1340885620772786179
795402912151244800,1631509880,False,135796,9887,7376,0,b'RT @PatrickDoyle_35: Thank you! @_jennystarfish_ SO inspiring through courageous sharing pain of unspeakable #addiction overdose loss only\xe2\x80\xa6',True,2,1340885646760681472
128899415,191881312,False,4084,2414,2022,0,"b'RT @AlexInAir: Breaking: Morocco, El Salvador, Romania, join France, Germany, Italy &amp; a long list of countries banning all travel to/from t\xe2\x80\xa6'",True,687,1340885641815597057
1676921281,34367582,False,15642,2214,3644,0,"b'RT @TimRunsHisMouth: Good to know that @AOC values herself... a protected young and healthy person... over frontline workers, the elderly,\xe2\x80\xa6'",True,60,1340885640221757441
351979030,783792992,False,104856,2745,717,0,b'RT @IlhanMN: You fought against every single meaningful emergency support we proposed to help people in need. \n\nGet lost.',True,4759,1340885622450311174
741061059880976384,-1,False,4512,193,2024,1,"b""@DamoNews @9NewsSyd Did he insist he hasn't had Covid19 \xf0\x9f\x91\x8c""",False,0,1340885651382669312
813911852946231297,812135885328236551,False,47784,64,173,0,b'RT @RealSaavedra: Healthy 31-year-old who has access to top the best medical care on the planet puts vaccinating herself ahead of health ca\xe2\x80\xa6',True,6968,1340885652469141505
1283430550418661376,1021450093444993024,False,9,151,91,0,"b""RT @MeHariReddy: Anti's troll him while #COVID19 situation but at last it was proved that\n precautions which he taken was appreciated.\nHapp\xe2\x80\xa6""",True,6,1340885635595345921
1229230225549971456,15874918,False,42856,937,752,0,"b'RT @leezeldin: A key to prevent a pandemic is early detection. The CCP denied the world early detection, transparency, education &amp; advocacy\xe2\x80\xa6'",True,530,1340885628888567813
1265919244430000128,-1,False,0,5,15,0,b'Covid: US reaches long awaited deal for coronavirus aid\nhttps://t.co/bTVabuxmYu https://t.co/CT1pgUwkzm',False,0,1340885654050369539
1086397159480676352,93618872,False,141941,3560,4989,0,"b'RT @Ian_Fraser: Remember when, on 3rd February 2020, Boris Johnson scoffed at the threat of coronavirus and claimed it gave Britain the cha\xe2\x80\xa6'",True,1089,1340885640511168512
29828365,55857464,False,46456,373,1475,0,b'RT @miltsdad: I am 70. Have a chronic medial problem. I do not mind waiting for my turn for the COVID vaccine.  Many others need to go firs\xe2\x80\xa6',True,51241,1340885645766569985
860660310796976128,55857464,False,54475,51,619,0,b'RT @miltsdad: I am 70. Have a chronic medial problem. I do not mind waiting for my turn for the COVID vaccine.  Many others need to go firs\xe2\x80\xa6',True,51241,1340885633418448897
2402570365,-1,False,11,32,22,0,"b""RT:@moneycontrolcom:Coronavirus Updates | West Bengal's COVID-19 tally zooms to 5.36 lakh with 1,978 new cases; 40\xe2\x80\xa6 https://t.co/MrDa2AOWpr""",False,0,1340885655988146177
1241457716935172096,786807645894156288,False,6994,273,227,0,b'RT @localscammer: me using my newly acquired powers to cure every black person of COVID19 #December21st https://t.co/KdS1FXVYCc',True,26,1340885635184414726
72888855,-1,True,7068,192499,200,9,b'This graphic is for the eight imported #COVID19 cases reported today. Cases 1-7 are Thai and the eighth is from Sud\xe2\x80\xa6 https://t.co/tY6DXu7ZzV',False,4,1340885619761823745
1452796758,292929271,False,16647,98,517,0,b'RT @charliekirk11: Did you know:\n\nDrug overdoses have killed 448 more people in San Francisco this year than the Chinese Coronavirus\xe2\x80\x94nearly\xe2\x80\xa6',True,3984,1340885648782352385
20255785,215207998,False,29356,170,877,0,b'RT @kurteichenwald: This is what experts like Eric have been warning: healthcare rationing is beginning. Money won\xe2\x80\x99t help you. If you have\xe2\x80\xa6',True,510,1340885653341409282
35606154,-1,False,102,14692,3457,1,"b""Trump fans want nothing to do with COVID-19 vaccines -- despite president and Mike Pence's endorsements - Raw Story\xe2\x80\xa6 https://t.co/Gs30SovbzH""",False,1,1340885628905377793
819960399428800512,55857464,False,175423,437,946,0,b'RT @miltsdad: I am 70. Have a chronic medial problem. I do not mind waiting for my turn for the COVID vaccine.  Many others need to go firs\xe2\x80\xa6',True,51241,1340885639080894464
1637047591,-1,False,12939,68,140,0,"b'@sejwatson @brookevitti agree, it\'s not set in stone \xe2\x80\x94 also BMT is in the ""might be"" list due to Limited Evidence (\xe2\x80\xa6 https://t.co/6od5loqOEw'",False,0,1340885620688908290
2312751031,1085522008471818240,False,250330,1000,416,0,b'RT @OH_mes2: MNH Entertainment announces Chungha has been released from the Coronavirus quarantine facility\n\nShe is asymptomatic and has re\xe2\x80\xa6',True,1629,1340885623490539520
702697553414873088,11744152,False,57717,1328,944,0,"b'RT @yashar: ""Direct payments to help Americans make it through a dark winter."" \n\n$600 will do no such thing.'",True,209,1340885647947665410
1240426069582180352,-1,False,91593,2802,2921,1,b'Fuck this guy \xf0\x9f\x91\x87 https://t.co/8PtCIn7gci',False,0,1340885644386562050
1323122445579112450,-1,False,0,42,26,0,"b'CDC panel recommends frontline essential workers, 75+ seniors in line for COVID-19 vaccine https://t.co/hUmaUqqSgP'",False,0,1340885640129474561
716762814,812135885328236551,False,35121,193,110,0,b'RT @RealSaavedra: Healthy 31-year-old who has access to top the best medical care on the planet puts vaccinating herself ahead of health ca\xe2\x80\xa6',True,6968,1340885638137212931
1286486512293486592,1077178397300834304,False,58563,40,69,0,"b""RT @KDANIEL_SUPPORT: [\xf0\x9f\x93\xb0] Kang Daniel's Popularity Award (local and overseas) confirmed by APAN. \n\nOrganizers will follow the Korean governm\xe2\x80\xa6""",True,148,1340885655073607680
2736645504,812135885328236551,False,15045,233,728,0,b'RT @RealSaavedra: Healthy 31-year-old who has access to top the best medical care on the planet puts vaccinating herself ahead of health ca\xe2\x80\xa6',True,6968,1340885640087547907
1214402708548964353,18329263,False,39832,4222,338,0,b'RT @BloodDonorsIn: #Delhi\nNeed #Blood Type :  A-positive\nAt : Max Patparganj\nBlood Component : Need Plasma from AB+ve/AB-ve/A+ve/A-ve #COVI\xe2\x80\xa6',True,38,1340885634882232320
616246238,-1,False,11864,935,1917,0,b'The Coronavirus Is Mutating. What Does That Mean for Us? https://t.co/P4KWk2luFF',False,0,1340885651563180032
1214402708548964353,18329263,False,39832,4222,338,0,b'RT @BloodDonorsIn: #Delhi\nNeed #Blood Type :  B-positive\nAt : Sir Gangaram hospital\nBlood Component : Need Plasma from B+ve #COVID19 recove\xe2\x80\xa6',True,52,1340885642943729666
728894570,-1,False,44,135,141,0,b'Tory revolt: Health Secretary Matt Hancock URGED to resign over coronavirus tier 4 plans - A SENIOR Conservative MP\xe2\x80\xa6 https://t.co/RNFO9nFNew',False,0,1340885642562060289
4427303293,-1,False,642,36,38,0,b'Thank you\nNancy Pelosi and Chuck Schumer.\n@senatemajldr you can fish. https://t.co/zrng3SL4rD',False,0,1340885629572325378
889689392561872896,15874918,False,1172,37,122,0,"b'RT @leezeldin: A key to prevent a pandemic is early detection. The CCP denied the world early detection, transparency, education &amp; advocacy\xe2\x80\xa6'",True,530,1340885640309743616
161078142,767942137417572352,False,45871,170,1095,0,"b""RT @GodzillaMendoza: Please help my dad keep his home. \n\nHe was laid off from his job this year due to the pandemic and I've seen him heart\xe2\x80\xa6""",True,2702,1340885636274741248
3837829873,767942137417572352,False,28400,101,264,0,"b""RT @GodzillaMendoza: Please help my dad keep his home. \n\nHe was laid off from his job this year due to the pandemic and I've seen him heart\xe2\x80\xa6""",True,2702,1340885634370727936
875967918747430913,767942137417572352,False,25536,74,1275,0,"b""RT @GodzillaMendoza: Please help my dad keep his home. \n\nHe was laid off from his job this year due to the pandemic and I've seen him heart\xe2\x80\xa6""",True,2702,1340885649444900864
1187237965266857984,55857464,False,27135,64,1228,0,b'RT @miltsdad: I am 70. Have a chronic medial problem. I do not mind waiting for my turn for the COVID vaccine.  Many others need to go firs\xe2\x80\xa6',True,51241,1340885646106365953
434064748,-1,False,3,1535,158,0,"b'Germany reports 16,643 new coronavirus cases in latest update today https://t.co/d6SddimHqN via ForexLive #forex #fx'",False,0,1340885644369866752
1237025286702727168,1323730225067339784,False,3456,762,3048,0,b'RT @Transition46: Statement from President-elect Biden on bipartisan agreement on COVID-19 relief:\n\nhttps://t.co/sIC4FmXdDe https://t.co/83\xe2\x80\xa6',True,808,1340885632521035780
979644647017336833,3204731,False,19110,10,43,0,"b'RT @krislc: Court of Final Appeal ruled  is constitutional for gov to ban face covering at legal and illegal gatherings, and the Emergency\xe2\x80\xa6'",True,423,1340885642025160706
1246016557714735105,553581707,False,6632,559,878,0,"b'RT @DrOlufunmilayo: Public Health England, said the variant has been circulating since September.\n\nBut it was this last week that UK offici\xe2\x80\xa6'",True,204,1340885653022715905
597031193,812135885328236551,False,150722,3230,3002,0,b'RT @RealSaavedra: Healthy 31-year-old who has access to top the best medical care on the planet puts vaccinating herself ahead of health ca\xe2\x80\xa6',True,6968,1340885633636597761
1048580212148068352,546135718,False,37463,348,1846,0,"b'RT @DouthatNYT: My Sunday column: When You Can\'t Just ""Trust the Science"": https://t.co/A2hOInTCJd'",True,47,1340885645946802176
243989346,-1,False,488,205,2484,0,b'BREAKING: Congress agrees to $900 billion coronavirus relief package https://t.co/QFzRGjnolA via @MailOnline         #StimulusCheck',False,0,1340885654096363520
3098689843,35328942,False,110084,300,1332,0,"b'RT @jeremyfaust: I\xe2\x80\x99m an ER doctor and despite trying, I have not yet been able to be vaccinated.'",True,10150,1340885630239334400
18247332,1138076821533155328,False,9972,2179,1944,0,"b'RT @JamaalBowmanNY: BREAKING: Man with an estimated net worth of $34,137,534 thinks $600 is enough.'",True,9188,1340885626560897027
23125241,13410,False,12920,605,262,0,"b'RT @douglaskarr: Members of Congress have each been paid 16 paydays of $7,125 base salaries for a total of $114,000 since sending you $1,20\xe2\x80\xa6'",True,9539,1340885648324980736
21181594,-1,False,11337,707,857,1,b'@m_r_west @peterjukes continues to be one of the sane voices on this https://t.co/0F6aD1VtHF',False,0,1340885651785478147
1328181449556512768,-1,False,1512,233,305,1,b'I feel our pee lovers community is one of the least affected by the distress/emotional trauma caused by the COVID-1\xe2\x80\xa6 https://t.co/uakW065aCf',False,0,1340885655346315265
20841921,-1,False,113982,1679,4554,0,b'VIDEO: Senator Rand Paul Destroys The COVID-19 Mask Cult https://t.co/UOCvIvmZYr via @BitChute',False,0,1340885641568137216
935498897077735424,428333,False,18612,3131,3238,0,b'RT @cnnbrk: Canada announces it will ban most passenger travel from the UK beginning midnight Sunday for at least 72 hours over concerns ab\xe2\x80\xa6',True,658,1340885639475159040
1033321385198796802,1626294277,False,636,5,478,0,"b'RT @spectatorindex: JUST IN: Coronavirus strand in the United Kingdom, which was found to have higher transmission rate, has also been iden\xe2\x80\xa6'",True,5256,1340885643526692864
828440635917160448,817976607398731776,False,152897,2730,5003,0,b'RT @ani_digital: Regulators looking into emergency use authorization sought by Pfizer for Covid-19 vaccine: Harsh Vardhan\n\nRead @ANI Story\xe2\x80\xa6',True,12,1340885643967098881
23284066,18831926,False,63218,2159,1096,0,b'RT @DrEricDing: 6) \xe2\x80\x9cBut these measures are not anticipated to be enough to meet the continuously escalating number of patients that are pre\xe2\x80\xa6',True,235,1340885626137284608
1082210022808002560,341194704,False,51933,166,1214,0,"b'RT @SteveGuest: FLASHBACK: Nancy Pelosi said on September 21, ""I\'m so proud"" Democrats blocked coronavirus relief aid from reaching the Ame\xe2\x80\xa6'",True,193,1340885628410613760
114743515,-1,False,121467,341,2069,1,b'I\xe2\x80\x99m afraid we\xe2\x80\x99re completely out of touch with what is happening in hospitals around the country. https://t.co/JTN1fg7ii7',False,0,1340885656088813569
178978113,146569971,True,2608,115167,1130,0,"b'RT @CDCgov: Travel can increase your risk of getting and spreading #COVID19. If traveling to visit loved ones, you should be thought of as\xe2\x80\xa6'",True,180,1340885627491897344
1219175391773876224,1153682741780598785,False,32504,216,580,0,"b'RT @EmergencyBK: Looking at abc\xe2\x80\x99s Coronavirus info-WTF?!\n\nNSW doesn\xe2\x80\x99t count active cases like rest of nation.\n\nIn NSW, not active if;\n-acqu\xe2\x80\xa6'",True,224,1340885648387964928
268982264,261025025,False,37702,28635,31479,0,"b""RT @TheOrigFRODO: @AP And she wants to be on President Biden's coronavirus team? \xf0\x9f\x98\x82 Give her a bottle of bleach as a parting gift &amp; send her\xe2\x80\xa6""",True,1,1340885640829923328
2217063241,258146125,False,678145,2832,1104,0,b'RT @evewrites: A friend who is a primary care physician for seniors in a largely minority Philly neighborhood told me tonight that *75%* of\xe2\x80\xa6',True,3,1340885620881846272
216872533,499073990,False,30809,420,1879,0,b'RT @DebraMessing: #GEORGIA \xf0\x9f\x9a\xa8\xf0\x9f\x9a\xa8\xf0\x9f\x9a\xa8\xf0\x9f\x9a\xa8\xf0\x9f\x9a\xa8\xf0\x9f\x9a\xa8\xf0\x9f\x9a\xa8\xf0\x9f\x9a\xa8\xf0\x9f\x9a\xa8\xf0\x9f\x9a\xa8\xf0\x9f\x9a\xa8\xf0\x9f\x9a\xa8\xf0\x9f\x9a\xa8\xf0\x9f\x9a\xa8\xf0\x9f\x9a\xa8\xf0\x9f\x9a\xa8\xf0\x9f\x9a\xa8\xf0\x9f\x9a\xa8\xf0\x9f\x9a\xa8\xf0\x9f\x9a\xa8The POWER is in YOUR hands.Elect #JonOssoff &amp; #RaphaelWarnock &amp; it is the END to republicans\xe2\x80\xa6',True,227,1340885643442888706
117316720,1323730225067339784,False,169465,1655,1246,0,b'RT @Transition46: Statement from President-elect Biden on bipartisan agreement on COVID-19 relief:\n\nhttps://t.co/sIC4FmXdDe https://t.co/83\xe2\x80\xa6',True,808,1340885629274521600
27882166,-1,False,27,544,3,0,"b'India reports 333 COVID-19 deaths, 24,337 new cases in past 24 hours\n https://t.co/bBBKTzaa76'",False,0,1340885641027084290
14904898,14260960,False,12570,416,651,0,"b'RT @JustinTrudeau: This afternoon, I convened a meeting with the Incident Response Group. We focused on the new variant of COVID-19 identif\xe2\x80\xa6'",True,2351,1340885643145093120
1178289247637295106,90672407,False,48377,3432,3084,0,b'RT @vikasbha: Delhi -The Union health ministry of  called an urgent meeting of its Joint Monitoring Group (JMG) after a new strain of the c\xe2\x80\xa6',True,57,1340885622324482048
894531600,1134506110034108416,False,7816,151,771,0,b'RT @TeamFlemo2: Dear Covid-19 please stay away from Conor McGregor and Dustin Poirier',True,331,1340885674350817280
1909483010,14335586,False,426564,2399,959,0,"b'RT @Public_Citizen: Your regularly scheduled reminder that Gilead is charging $3,000 for a coronavirus drug that costs less than $10 to pro\xe2\x80\xa6'",True,7352,1340885692688166913
128899415,191881312,False,4084,2414,2022,0,"b'RT @AlexInAir: Update: Finland \xf0\x9f\x87\xab\xf0\x9f\x87\xae join the long list of countries (including Italy, Germany, France, Kuwait, Turkey, Morocco, Austria &amp; man\xe2\x80\xa6'",True,160,1340885689920065536
1004773069,64643056,False,20020,65,63,0,"b""RT @RT_com: \xe2\x80\x98Worse than Ebenezer Scrooge\xe2\x80\x99: Covid-19 stimulus deal, agreed by Congress after months of wrangling, roasted for $600 'payoff'\xe2\x80\xa6""",True,13,1340885670718390272
219202064,-1,False,51055,603,535,1,"b'Yeah, I have a friend who\xe2\x80\x99s a nurse in Texas who doesn\xe2\x80\x99t know if she wants the shot because of how quickly it was p\xe2\x80\xa6 https://t.co/GfELZbjK9N'",False,0,1340885688498188289
4849148157,18329263,False,4024,2893,20,0,b'RT @BloodDonorsIn: #Chennai\nNeed #Blood Type :  AB-positive\nAt : Billroth hospital \nBlood Component : Need Plasma from AB+ve/AB-ve/B+ve/B-v\xe2\x80\xa6',True,26,1340885658294865922
526587102,792096589191852033,False,15550,732,1284,0,b'RT @themarketswork: $900 Billion deal that gives $600 checks (&gt;$200 Billion)\n\n$300/week in unemployment benefits\n\n$284 billion small busine\xe2\x80\xa6',True,806,1340885681183346691
25429149,953924228306305024,False,82834,2021,4894,0,b'RT @Cleavon_MD: The virus is closing in on us. Another ER doctor has contracted COVID19 at work. This makes the 4th ER doctor over the past\xe2\x80\xa6',True,1508,1340885690259632130
1161885079,71150575,False,20295,220,468,0,"b'RT @aptly_engineerd: Incarcerated people should be a priority for COVID-19 vaccination, pass it on.'",True,18827,1340885681426604032
2605835507,553581707,False,124712,327,521,0,b'RT @DrOlufunmilayo: ATTENTION:\nThere\xe2\x80\x99s a new mutated coronavirus that is just reported in London UK. It is described \xe2\x80\x9cout of control\xe2\x80\x9d and \xe2\x80\x9c\xe2\x80\xa6',True,10863,1340885683150475264
140538505,953924228306305024,False,10217,2206,2987,0,b'RT @Cleavon_MD: The virus is closing in on us. Another ER doctor has contracted COVID19 at work. This makes the 4th ER doctor over the past\xe2\x80\xa6',True,1508,1340885669921443840
1216821843451162626,-1,False,22210,598,265,0,b'I\xe2\x80\x99ve made this very easy for you Ann...I chose a story from liberal media to make my point. Take a frajillion seats\xe2\x80\xa6 https://t.co/rM6Wk8PS8W',False,0,1340885677442027520
2221891536,1500129642,False,11329,34,403,0,"b""RT @MattWalshBlog: She's young and healthy. Why is she at the front of the vaccine line?""",True,1089,1340885694059741184
842051811003449345,20751449,False,242,11,26,0,b'RT @the_hindu: The Health Ministry has called a meeting of its joint monitoring group on #COVID19 to discuss the emergence of a mutant vari\xe2\x80\xa6',True,4,1340885677919981569
1252185440,49683752,False,18014,2643,462,0,b'RT @dpatrickrodgers: Here we see Gov. Bill Lee unveiling his plans to combat COVID-19 in Tennessee https://t.co/l9f3pBRlzb',True,94,1340885659809148932
1244620955537887232,420366322,False,33603,1373,1726,0,b'RT @Andrew_Adonis: Britain now in international COVID19 isolation; not even freight traffic allowed with France \n\nThe worst possible time f\xe2\x80\xa6',True,133,1340885694907101184
1215284427493978112,705694814612938752,False,2912,66,444,0,"b'RT @NCDCgov: Our discharges today include 208 community recoveries in FCT, 126 in Kaduna State and 35 in Lagos State managed in line with g\xe2\x80\xa6'",True,55,1340885683481825280
827043384518856707,927388044,False,354115,2393,1093,0,"b'RT @ricklevy67: @ScottMorrisonMP says "" Australian\'s should be optimistic about @GladysB dithering on #COVID19 health restrictions."" Mask a\xe2\x80\xa6'",True,7,1340885670802247681
1064552964,1138076821533155328,False,45439,181,937,0,"b'RT @JamaalBowmanNY: BREAKING: Man with an estimated net worth of $34,137,534 thinks $600 is enough.'",True,9188,1340885698753097728
1565014074,59533564,False,11868,1199,1170,0,b'RT @YatichN: @ItsIbrahimAhmed SARS-CoV-2 has been reported to have a rich evolutionary history that includes a reshuffling of genetic mater\xe2\x80\xa6',True,1,1340885690901540871
2762026971,301309392,False,277253,1151,5001,0,b'RT @eNCA: The #COVID19 recovery rate is declining in KZN. Premier Sihle Zikalala says this is due to the rapid surge in new cases in propor\xe2\x80\xa6',True,15,1340885697780133888
1268388239867445250,84734907,False,23229,95,163,0,"b""RT @KristenClarkeJD: Something's not right when the very elected officials who claimed that #COVID19 was a hoax, refused to wear masks, use\xe2\x80\xa6""",True,428,1340885662879207424
886091140151115776,279777404,False,8671,387,747,0,b'RT @YvetteDAth: From 1am Monday 21 December - Greater Sydney will be a declared COVID-19 hotspot and NSW residents in those areas should no\xe2\x80\xa6',True,13,1340885689655693315
1293268225216700416,-1,False,15542,38,166,0,"b'@PaulBis09462457 @drdavidsamadi https://t.co/g0abxylgAr\n""The standard tests are diagnosing huge numbers of people w\xe2\x80\xa6 https://t.co/AibWzRMWh1'",False,0,1340885688020062213
286207273,22993014,False,54581,1293,4990,0,b'RT @9NewsAUS: Scientists expect to know in the next few days if #coronavirus vaccines might not work against a mutated variant of the virus\xe2\x80\xa6',True,8,1340885658127101952
1261947332754468864,-1,False,28,10,75,0,b'India`s COVID-19 vaccination drive may begin any week of January 2021: Health Minister Harsh\xc2\xa0Vardhan https://t.co/DierbwYBv7',False,0,1340885677525921800
126557046,1626294277,False,6335,786,806,0,"b'RT @spectatorindex: JUST IN: Coronavirus strand in the United Kingdom, which was found to have higher transmission rate, has also been iden\xe2\x80\xa6'",True,5256,1340885698396778497
1134593639546609664,1011970623470489601,False,249771,324,775,0,b'RT @DWUhlfelderLaw: Son of billionaire Trump pal scores huge COVID-19 government contract from Ron DeSantis https://t.co/FvYZBueaYD',True,336,1340885699353055233
24312699,-1,False,3930,154,421,0,"b'\xe2\x80\x9cWhen the coronavirus is over, I\xe2\x80\x99m going to the club and getting Lindsay Lohan fucked up... I\xe2\x80\x99m talking rehab, reha\xe2\x80\xa6 https://t.co/59jmYCUsiZ'",False,0,1340885690754748417
56589400,18831926,False,1296,96,330,0,b'RT @DrEricDing: THAT DAY HAS ARRIVED\xe2\x80\x94\n\nLos Angeles County hospitals are preparing for potential *healthcare rationing* as ICUs overloaded w\xe2\x80\xa6',True,4141,1340885672215777280
97970376,31047836,False,98055,31195,33298,0,"b""RT @michaeljknowles: Here's the simple explanation, you science-denier:\n\nThere's no flu this year because people are wearing masks and foll\xe2\x80\xa6""",True,1121,1340885692419719168
109900347,32871086,False,92005,2199,4998,0,"b'RT @kylegriffin1: Inbox: On Monday, December 21, President-elect Joe Biden will receive the President\xe2\x80\x99s Daily Brief.\xc2\xa0After, President-elect\xe2\x80\xa6'",True,1070,1340885659024719874
1290294456231645184,98330155,False,85718,1345,1419,0,b'RT @SheilahGashumba: The people supposed to account for it are the same people who stole the money \xf0\x9f\x98\x9d',True,14,1340885665148493826
390755853,32871086,False,261792,2232,3142,0,"b""RT @kylegriffin1: Why are Republicans who've downplayed the seriousness of the coronavirus or who've stood by as their colleagues downplaye\xe2\x80\xa6""",True,6705,1340885668294057984
2272684952,-1,False,3473,11219,1224,0,"b""Britain warns new virus strain 'out of control', UK flights banned\n\nhttps://t.co/H3OstEg4EE\n#coronavirus \n#UK""",False,0,1340885658055806976
597564319,74980737,False,125010,6546,169,0,"b'RT @OpIndia_com: Mischief managed: From engaging troll army to weaponising censorship, how China built narrative around coronavirus\nhttps:/\xe2\x80\xa6'",True,34,1340885688120614913
3041768317,1138076821533155328,False,89811,3087,2408,0,"b'RT @JamaalBowmanNY: BREAKING: Man with an estimated net worth of $34,137,534 thinks $600 is enough. https://t.co/izLcQg6me3'",True,9188,1340885657091227648
59059906,-1,False,64747,297,292,0,"b'""Up to 45 percent\xc2\xa0of subjects receiving both doses of vaccine will require medication to treat systemic side effect\xe2\x80\xa6 https://t.co/AdIYMeWiIj'",False,0,1340885657993031680
2487112411,55857464,False,24458,269,457,0,b'RT @miltsdad: I am 70. Have a chronic medial problem. I do not mind waiting for my turn for the COVID vaccine.  Many others need to go firs\xe2\x80\xa6',True,51241,1340885669300858880
35398088,18831926,False,148542,220,180,0,b'RT @DrEricDing: THAT DAY HAS ARRIVED\xe2\x80\x94\n\nLos Angeles County hospitals are preparing for potential *healthcare rationing* as ICUs overloaded w\xe2\x80\xa6',True,4141,1340885672446464004
822803918216380417,11744152,False,503369,1413,4999,0,"b'RT @yashar: ""Direct payments to help Americans make it through a dark winter."" \n\n$600 will do no such thing. https://t.co/Lha1CaewPD'",True,209,1340885692889612290
2157737006,-1,False,11773,54,601,0,b'New coronavirus variant: What do we know? https://t.co/RXN09Vaibc',False,0,1340885675286118402
1299707466696077312,358545917,False,21616,414,684,0,"b'RT @Cernovich: $900,000,000,000 (size of coronavirus stimulus)\n\ndivided by \n\n330,000,000 (\xf0\x9f\x87\xba\xf0\x9f\x87\xb8 population) \n\nequals \n\n$2,700 per person. That\xe2\x80\xa6'",True,3627,1340885672329175044
147863727,13410,False,16865,685,850,0,"b'RT @douglaskarr: Members of Congress have each been paid 16 paydays of $7,125 base salaries for a total of $114,000 since sending you $1,20\xe2\x80\xa6'",True,9539,1340885682735075328
1306693769585098753,-1,False,0,0,0,0,"b'North Carolina tells the news they are banning the use of masks after their Coronavirus numbers stayed under 100,000 for the week.'",False,0,1340885659310014469
1165452768376762369,71150575,False,1679,7,77,0,"b'RT @aptly_engineerd: Incarcerated people should be a priority for COVID-19 vaccination, pass it on.'",True,18827,1340885695158775808
744885901025742848,-1,False,35526,35,254,0,"b'@senatemajldr @GOP @realDonaldTrump Tax, this is how to restore the economy and fund the needed relief AND reduce t\xe2\x80\xa6 https://t.co/35Zk2Xnq38'",False,0,1340885679899877376
779527519384981504,17146018,False,129233,94,43,0,"b""RT @AaronMesh: Oregon's two U.S. senators say the Army general in charge of COVID-19 vaccine distribution assured them Sunday that Oregon w\xe2\x80\xa6""",True,8,1340885680298192896
162293903,1138076821533155328,False,101163,264,998,0,"b'RT @JamaalBowmanNY: BREAKING: Man with an estimated net worth of $34,137,534 thinks $600 is enough.'",True,9188,1340885682827476992
1125938864097460224,-1,False,157195,2191,2436,0,b'@LizabethSTucker She lost all chance of that when she sat in that press conference &amp; said &amp; did nothing after it wa\xe2\x80\xa6 https://t.co/Su8RUURuZC',False,0,1340885664389341184
417386508,783792992,False,74007,86,378,0,b'RT @IlhanMN: You fought against every single meaningful emergency support we proposed to help people in need. \n\nGet lost.',True,4759,1340885667757191168
54885969,45586617,False,2378,11,107,0,b'RT @kakape: There\xe2\x80\x99s a lot of concern and confusion right now about the new #sarscov2 variant identified in UK. I\xe2\x80\x99ve spent today and yesterd\xe2\x80\xa6',True,1638,1340885693573308417
848471491809341440,1510470294,False,1994,213,785,0,b'RT @SABOURETCardio: #Covid_19 New coronavirus variant is identified in UK | The BMJ. Fingers crossed for a less potent virus in frailty ind\xe2\x80\xa6',True,10,1340885672115269632
801508730034475008,18831926,False,10308,303,1720,0,b'RT @DrEricDing: THAT DAY HAS ARRIVED\xe2\x80\x94\n\nLos Angeles County hospitals are preparing for potential *healthcare rationing* as ICUs overloaded w\xe2\x80\xa6',True,4141,1340885661314736128
759818948686802944,14173315,False,25038,93,177,0,"b'RT @NBCNews: California activated its \xe2\x80\x9cmass fatality\xe2\x80\x9d program as coronavirus cases and deaths continue to rise, leading to the state purcha\xe2\x80\xa6'",True,60,1340885663659388928
4849148157,18329263,False,4024,2893,20,0,b'RT @BloodDonorsIn: #Mumbai\nNeed #Blood Type :  O-positive\nAt : Sanjeevni Hospital Andheri\nBlood Component : Need Plasma from O+ve #COVID19\xe2\x80\xa6',True,33,1340885666561867782
758483289464184832,1011970623470489601,False,54373,210,1032,0,b'RT @DWUhlfelderLaw: No Bible verse is going to save Marco Rubio from the beating he is taking for cutting to front of line to get COVID-19\xe2\x80\xa6',True,3902,1340885667828563969
785504332342972416,16012783,False,46364,896,4999,0,"b'RT @thedailybeast: President-elect Joe Biden\xe2\x80\x99s pick for surgeon general, Vivek Murthy, says the Trump administration\xe2\x80\x99s timeline for the COV\xe2\x80\xa6'",True,47,1340885688292683777
535420770,176035180,False,70194,5693,4855,0,"b""RT @pathaksudh: It's always be better to be safe than sorry. But sincerely feel after reading this that it will not be as bad as finding a\xe2\x80\xa6""",True,2,1340885662237540358
75753806,-1,False,1198,362,788,1,b'Thought I would summarise this year. Perhaps with hindsight this year was not the year to change jobs and move from\xe2\x80\xa6 https://t.co/1a4ojfJIBH',False,0,1340885690314178562
294905129,826226272418283520,False,86639,1741,4713,0,"b'RT @axidentaliberal: Georgia, if you\xe2\x80\x99re tired of suffering from #COVID19\n\nLosing your jobs\nGoing hungry\nNot getting #healthcare\n\nWhile Repu\xe2\x80\xa6'",True,110,1340885685222449154
243929133,7050962,False,40940,385,1487,0,b'RT @fictillius: Sensible.',True,2,1340885681724293121
1222702755162345473,1138076821533155328,False,69160,42,79,0,"b'RT @JamaalBowmanNY: BREAKING: Man with an estimated net worth of $34,137,534 thinks $600 is enough.'",True,9188,1340885659003830279
817488870686101504,1507338108,False,138514,1221,863,0,"b'RT @Sifill_LDF: Here\xe2\x80\x99s our summary of some of the key provisions and assessment of the #Covid_19 relief bill. Yes, this bill will ensure th\xe2\x80\xa6'",True,208,1340885677139890176
2200831528,-1,False,88026,2541,4965,0,b'Trump won\xe2\x80\x99t even put a Travel Ban to or from the UK \xf0\x9f\x87\xac\xf0\x9f\x87\xa7 so that this New Strain of Coronavirus won\xe2\x80\x99t come here to th\xe2\x80\xa6 https://t.co/Wfpq0giJmr',False,0,1340885661319122945
3044871157,23954775,False,474569,1184,109,0,"b'RT @rudepundit: If I saw Mitch McConnell being eaten by bears, I\xe2\x80\x99d tell them to slow down and enjoy it. https://t.co/Q4tzBIWtOv'",True,290,1340885668478607362
1259366573825032193,66369181,False,16,46,11,0,"b'RT @DeptofDefense: #OperationWarpSpeed official, @USArmy Gen. Gus Perna, announced the distribution of the approved Moderna #COVID19Vaccine\xe2\x80\xa6'",True,166,1340885697549357056
2184274105,-1,False,1039,1591,1664,0,b'One of the best threads on how to prioritize who will get the covid vaccine I\xe2\x80\x99ve seen yet! https://t.co/O7w6FKOhfz',False,1,1340885673092534273
75753806,-1,False,1198,362,788,0,b'3 March\n- I turned 30\n- Coronavirus appeared in Panama\n- Panama starts to shut down within 24 hours of their \xe2\x80\x9cfirst\xe2\x80\xa6 https://t.co/Gen1fiUpNZ',False,0,1340885694500073472
